{"cameraMode":{"drawMode":0,"name":"Shaded","section":"Shading Mode"},"sceneLighting":true,"audioPlay":false,"sceneViewState":{"showFog":true,"showMaterialUpdate":false,"showSkybox":true,"showFlares":true,"showImageEffects":true,"showParticleSystems":true},"in2DMode":false,"pivot":{"x":0.3424999713897705,"y":1.5942997932434083,"z":-20.0},"rotation":{"x":0.06687957793474198,"y":-0.09736717492341995,"z":0.009363426826894284,"w":0.9933788180351257},"size":68.05892944335938,"orthographic":false}