{"cameraMode":{"drawMode":0,"name":"Shaded","section":"Shading Mode"},"sceneLighting":false,"audioPlay":false,"sceneViewState":{"showFog":true,"showMaterialUpdate":false,"showSkybox":false,"showFlares":true,"showImageEffects":true,"showParticleSystems":true},"in2DMode":false,"pivot":{"x":22.302541732788087,"y":-7.846797466278076,"z":-43.83932876586914},"rotation":{"x":0.016890428960323335,"y":0.97297203540802,"z":-0.07454147189855576,"w":0.2183757871389389},"size":62.91673278808594,"orthographic":false}