{"cameraMode":{"drawMode":0,"name":"Shaded","section":"Shading Mode"},"sceneLighting":true,"audioPlay":false,"sceneViewState":{"showFog":true,"showMaterialUpdate":false,"showSkybox":true,"showFlares":true,"showImageEffects":true,"showParticleSystems":true},"in2DMode":false,"pivot":{"x":-101.70039367675781,"y":2.491588592529297,"z":97.2116928100586},"rotation":{"x":0.19740428030490876,"y":-0.10114409774541855,"z":0.020965438336133958,"w":0.9750335812568665},"size":22.0,"orthographic":false}