{"cameraMode":{"drawMode":0,"name":"Shaded","section":"Shading Mode"},"sceneLighting":true,"audioPlay":false,"sceneViewState":{"showFog":true,"showMaterialUpdate":false,"showSkybox":true,"showFlares":true,"showImageEffects":true,"showParticleSystems":true},"in2DMode":false,"pivot":{"x":-90.71375274658203,"y":50.237892150878909,"z":13.96662712097168},"rotation":{"x":-0.11378031224012375,"y":-0.8418318033218384,"z":0.19532395899295808,"w":-0.4902993142604828},"size":11.411661148071289,"orthographic":false}