{"cameraMode":{"drawMode":0,"name":"Shaded","section":"Shading Mode"},"sceneLighting":false,"audioPlay":false,"sceneViewState":{"showFog":true,"showMaterialUpdate":false,"showSkybox":false,"showFlares":true,"showImageEffects":true,"showParticleSystems":true},"in2DMode":false,"pivot":{"x":18.284244537353517,"y":20.0178279876709,"z":9.279251098632813},"rotation":{"x":0.1590379923582077,"y":-0.8258254528045654,"z":0.2859228849411011,"w":0.45934009552001955},"size":19.363758087158204,"orthographic":false}