{"cameraMode":{"drawMode":0,"name":"Shaded","section":"Shading Mode"},"sceneLighting":false,"audioPlay":false,"sceneViewState":{"showFog":true,"showMaterialUpdate":false,"showSkybox":false,"showFlares":true,"showImageEffects":true,"showParticleSystems":true},"in2DMode":false,"pivot":{"x":30.166688919067384,"y":-10.474800109863282,"z":-221.66744995117188},"rotation":{"x":0.002107098000124097,"y":0.9984032511711121,"z":-0.039248980581760409,"w":0.04401547834277153},"size":241.55685424804688,"orthographic":false}