{"cameraMode":{"drawMode":0,"name":"Shaded","section":"Shading Mode"},"sceneLighting":false,"audioPlay":false,"sceneViewState":{"showFog":true,"showMaterialUpdate":false,"showSkybox":false,"showFlares":true,"showImageEffects":true,"showParticleSystems":true},"in2DMode":false,"pivot":{"x":15.76185131072998,"y":4.750385761260986,"z":112.4996109008789},"rotation":{"x":0.029838161543011667,"y":-0.9602223038673401,"z":0.11286380141973496,"w":0.254006952047348},"size":13.416459083557129,"orthographic":false}