{"cameraMode":{"drawMode":0,"name":"Shaded","section":"Shading Mode"},"sceneLighting":false,"audioPlay":false,"sceneViewState":{"showFog":true,"showMaterialUpdate":false,"showSkybox":false,"showFlares":true,"showImageEffects":true,"showParticleSystems":true},"in2DMode":false,"pivot":{"x":-89.15338897705078,"y":7.264404296875,"z":-47.1497802734375},"rotation":{"x":0.0014864862896502019,"y":0.8798859119415283,"z":0.0022574267350137235,"w":-0.47573429346084597},"size":117.83357238769531,"orthographic":false}