{"cameraMode":{"drawMode":0,"name":"Shaded","section":"Shading Mode"},"sceneLighting":false,"audioPlay":false,"sceneViewState":{"showFog":true,"showMaterialUpdate":false,"showSkybox":false,"showFlares":true,"showImageEffects":true,"showParticleSystems":true},"in2DMode":false,"pivot":{"x":-38.354713439941409,"y":7.098074913024902,"z":-62.88215637207031},"rotation":{"x":-0.04137671738862991,"y":-0.9577562808990479,"z":0.17904429137706757,"w":-0.2213003784418106},"size":235.125,"orthographic":false}