{"cameraMode":{"drawMode":0,"name":"Shaded","section":"Shading Mode"},"sceneLighting":false,"audioPlay":false,"sceneViewState":{"showFog":true,"showMaterialUpdate":false,"showSkybox":false,"showFlares":true,"showImageEffects":true,"showParticleSystems":true},"in2DMode":false,"pivot":{"x":6.8006744384765629,"y":9.056620597839356,"z":0.3279876708984375},"rotation":{"x":-0.00009260793012799695,"y":0.9983626008033752,"z":0.00450501823797822,"w":0.05876752734184265},"size":84.1014633178711,"orthographic":false}