{"cameraMode":{"drawMode":0,"name":"Shaded","section":"Shading Mode"},"sceneLighting":false,"audioPlay":false,"sceneViewState":{"showFog":true,"showMaterialUpdate":false,"showSkybox":false,"showFlares":true,"showImageEffects":true,"showParticleSystems":true},"in2DMode":false,"pivot":{"x":-1.100000023841858,"y":4.775000095367432,"z":2.1449999809265138},"rotation":{"x":0.01041209977120161,"y":0.5138894319534302,"z":-0.005975107196718454,"w":0.857940137386322},"size":0.2857885956764221,"orthographic":false}