{"cameraMode":{"drawMode":0,"name":"Shaded","section":"Shading Mode"},"sceneLighting":false,"audioPlay":false,"sceneViewState":{"showFog":true,"showMaterialUpdate":false,"showSkybox":false,"showFlares":true,"showImageEffects":true,"showParticleSystems":true},"in2DMode":false,"pivot":{"x":77.46124267578125,"y":-27.013517379760743,"z":26.839111328125},"rotation":{"x":0.1334051787853241,"y":0.6501027345657349,"z":-0.11719278246164322,"w":0.7389478087425232},"size":82.87863159179688,"orthographic":false}