{"cameraMode":{"drawMode":0,"name":"Shaded","section":"Shading Mode"},"sceneLighting":false,"audioPlay":false,"sceneViewState":{"showFog":true,"showMaterialUpdate":false,"showSkybox":false,"showFlares":true,"showImageEffects":true,"showParticleSystems":true},"in2DMode":false,"pivot":{"x":20.69183349609375,"y":4.22939395904541,"z":12.748613357543946},"rotation":{"x":-0.03887120634317398,"y":-0.9045366048812866,"z":0.08434604853391648,"w":-0.4163645803928375},"size":16.925687789916993,"orthographic":false}