{"cameraMode":{"drawMode":0,"name":"Shaded","section":"Shading Mode"},"sceneLighting":false,"audioPlay":false,"sceneViewState":{"showFog":true,"showMaterialUpdate":false,"showSkybox":false,"showFlares":true,"showImageEffects":true,"showParticleSystems":true},"in2DMode":false,"pivot":{"x":-93.13412475585938,"y":-36.991004943847659,"z":12.213194847106934},"rotation":{"x":0.10696141421794892,"y":-0.6696075797080994,"z":0.09833788871765137,"w":0.7283933162689209},"size":166.29225158691407,"orthographic":false}