{"cameraMode":{"drawMode":0,"name":"Shaded","section":"Shading Mode"},"sceneLighting":false,"audioPlay":false,"sceneViewState":{"showFog":true,"showMaterialUpdate":false,"showSkybox":false,"showFlares":true,"showImageEffects":true,"showParticleSystems":true},"in2DMode":false,"pivot":{"x":219.73617553710938,"y":-247.59088134765626,"z":657.8692626953125},"rotation":{"x":-0.15911820530891419,"y":-0.09343898296356201,"z":0.015062978491187096,"w":-0.9828400015830994},"size":956.570556640625,"orthographic":false}