{"cameraMode":{"drawMode":0,"name":"Shaded","section":"Shading Mode"},"sceneLighting":false,"audioPlay":false,"sceneViewState":{"showFog":true,"showMaterialUpdate":false,"showSkybox":false,"showFlares":true,"showImageEffects":true,"showParticleSystems":true},"in2DMode":false,"pivot":{"x":17.550334930419923,"y":-11.513565063476563,"z":195.21299743652345},"rotation":{"x":0.19934594631195069,"y":0.07959946244955063,"z":-0.012866864912211895,"w":0.9770634770393372},"size":209.58497619628907,"orthographic":false}