{"cameraMode":{"drawMode":0,"name":"Shaded","section":"Shading Mode"},"sceneLighting":false,"audioPlay":false,"sceneViewState":{"showFog":true,"showMaterialUpdate":false,"showSkybox":false,"showFlares":true,"showImageEffects":true,"showParticleSystems":true},"in2DMode":false,"pivot":{"x":1.9795007705688477,"y":5.447061538696289,"z":4.979483127593994},"rotation":{"x":0.17528264224529267,"y":-0.8113492727279663,"z":0.30429092049598696,"w":0.4673576354980469},"size":19.363758087158204,"orthographic":false}