{"cameraMode":{"drawMode":0,"name":"Shaded","section":"Shading Mode"},"sceneLighting":true,"audioPlay":false,"sceneViewState":{"showFog":true,"showMaterialUpdate":false,"showSkybox":true,"showFlares":true,"showImageEffects":true,"showParticleSystems":true},"in2DMode":false,"pivot":{"x":0.24496322870254517,"y":18.91606903076172,"z":22.27005386352539},"rotation":{"x":-0.12420757114887238,"y":-0.012328078038990498,"z":0.0007043757941573858,"w":-0.9924210906028748},"size":22.211257934570314,"orthographic":false}