{"cameraMode":{"drawMode":0,"name":"Shaded","section":"Shading Mode"},"sceneLighting":true,"audioPlay":false,"sceneViewState":{"showFog":true,"showMaterialUpdate":false,"showSkybox":false,"showFlares":true,"showImageEffects":true,"showParticleSystems":true},"in2DMode":false,"pivot":{"x":-2.1175174713134767,"y":1.7199993133544922,"z":-7.573421001434326},"rotation":{"x":0.020911214873194696,"y":0.23906898498535157,"z":0.0029494292102754118,"w":-0.9712013602256775},"size":120.0311279296875,"orthographic":false}