{"cameraMode":{"drawMode":0,"name":"Shaded","section":"Shading Mode"},"sceneLighting":false,"audioPlay":false,"sceneViewState":{"showFog":true,"showMaterialUpdate":false,"showSkybox":false,"showFlares":true,"showImageEffects":true,"showParticleSystems":true},"in2DMode":false,"pivot":{"x":51.21967697143555,"y":-131.20947265625,"z":-162.69375610351563},"rotation":{"x":0.009431670419871807,"y":0.9427613615989685,"z":-0.33274778723716738,"w":0.0259106308221817},"size":235.125,"orthographic":false}