{"cameraMode":{"drawMode":0,"name":"Shaded","section":"Shading Mode"},"sceneLighting":true,"audioPlay":false,"sceneViewState":{"showFog":true,"showMaterialUpdate":true,"showSkybox":true,"showFlares":true,"showImageEffects":true,"showParticleSystems":true},"in2DMode":false,"pivot":{"x":-52.853187561035159,"y":-64.33634948730469,"z":-194.46263122558595},"rotation":{"x":-0.031656984239816669,"y":0.9678712487220764,"z":-0.19147536158561707,"w":-0.15999868512153626},"size":284.5257568359375,"orthographic":false}