{"cameraMode":{"drawMode":0,"name":"Shaded","section":"Shading Mode"},"sceneLighting":false,"audioPlay":false,"sceneViewState":{"showFog":true,"showMaterialUpdate":true,"showSkybox":false,"showFlares":true,"showImageEffects":true,"showParticleSystems":true},"in2DMode":false,"pivot":{"x":-76.27076721191406,"y":-2.008392333984375,"z":-53.92106628417969},"rotation":{"x":-0.03368690609931946,"y":-0.9604295492172241,"z":0.133692666888237,"w":-0.24206525087356568},"size":285.1029052734375,"orthographic":false}