{"cameraMode":{"drawMode":0,"name":"Shaded","section":"Shading Mode"},"sceneLighting":false,"audioPlay":false,"sceneViewState":{"showFog":true,"showMaterialUpdate":true,"showSkybox":false,"showFlares":true,"showImageEffects":true,"showParticleSystems":true},"in2DMode":false,"pivot":{"x":33.329566955566409,"y":-12.714900970458985,"z":-43.188079833984378},"rotation":{"x":-0.02794111706316471,"y":-0.9524117708206177,"z":0.09201369434595108,"w":-0.2892971336841583},"size":117.61388397216797,"orthographic":false}