{"cameraMode":{"drawMode":0,"name":"Shaded","section":"Shading Mode"},"sceneLighting":false,"audioPlay":false,"sceneViewState":{"showFog":true,"showMaterialUpdate":true,"showSkybox":false,"showFlares":true,"showImageEffects":true,"showParticleSystems":true},"in2DMode":false,"pivot":{"x":26.63764190673828,"y":12.989238739013672,"z":-34.277008056640628},"rotation":{"x":-0.042509060353040698,"y":-0.9094990491867065,"z":0.09613819420337677,"w":-0.4022321105003357},"size":204.92576599121095,"orthographic":false}