{"cameraMode":{"drawMode":0,"name":"Shaded","section":"Shading Mode"},"sceneLighting":true,"audioPlay":false,"sceneViewState":{"showFog":true,"showMaterialUpdate":true,"showSkybox":true,"showFlares":true,"showImageEffects":true,"showParticleSystems":true},"in2DMode":false,"pivot":{"x":-152.89369201660157,"y":-66.40125274658203,"z":208.3441925048828},"rotation":{"x":-0.12260134518146515,"y":0.3658170700073242,"z":-0.04872634634375572,"w":-0.9213283658027649},"size":284.5257568359375,"orthographic":false}