{"cameraMode":{"drawMode":0,"name":"Shaded","section":"Shading Mode"},"sceneLighting":false,"audioPlay":false,"sceneViewState":{"showFog":true,"showMaterialUpdate":false,"showSkybox":false,"showFlares":true,"showImageEffects":true,"showParticleSystems":true},"in2DMode":false,"pivot":{"x":-3.58126163482666,"y":2.0951790809631349,"z":0.8605331778526306},"rotation":{"x":0.21319133043289185,"y":0.27134621143341067,"z":-0.06175079941749573,"w":0.9365857839584351},"size":21.580617904663087,"orthographic":false}