{"cameraMode":{"drawMode":0,"name":"Shaded","section":"Shading Mode"},"sceneLighting":false,"audioPlay":false,"sceneViewState":{"showFog":true,"showMaterialUpdate":false,"showSkybox":false,"showFlares":true,"showImageEffects":true,"showParticleSystems":true},"in2DMode":false,"pivot":{"x":-169.2451629638672,"y":-126.97920989990235,"z":-34.6482048034668},"rotation":{"x":0.20344902575016023,"y":-0.731429398059845,"z":0.24711167812347413,"w":0.6021880507469177},"size":235.125,"orthographic":false}